sample,gene_1,gene_2,gene_3,gene_4,gene_5,gene_6,gene_7,gene_8,gene_9,gene_10,gene_11,gene_12,gene_13,gene_14,gene_15,gene_16,gene_17,gene_18,gene_19,gene_20,gene_21,gene_22,gene_23,gene_24,gene_25,gene_26,gene_27,gene_28,gene_29,gene_30,gene_31,gene_32
sample_01,0.016024,-0.640505,-0.862798,-0.20298,-0.530467,-1.086657,-2.182558,-1.749077,0.287334,0.060504,1.534948,-0.276128,2.442481,0.556557,0.824317,-1.265118,0.702629,0.173598,0.067477,1.14593,-1.993613,-0.817184,-2.529242,1.972922,-0.134267,0.043354,-0.420487,-0.319147,0.994205,0.349275,0.327912,-0.545768
sample_02,0.080009,1.460344,0.534211,1.513295,0.735919,0.812126,0.991379,1.135534,-0.23865,0.170635,-0.018953,2.262236,0.205169,0.725118,0.265789,2.670676,-0.505135,2.174391,-0.329085,0.987165,1.733279,-0.81271,-1.093539,-1.697879,0.484146,-0.76518,0.155472,-1.92828,0.127734,-0.448235,-0.595317,1.108032
sample_03,-0.001239,0.086975,0.693782,0.046004,1.080172,-1.154577,1.039567,-0.302445,0.880457,-0.043953,0.02639,0.488116,0.221249,-1.347461,1.786476,0.144011,-0.471409,-0.878747,1.097518,0.78537,1.129718,1.181017,-0.510422,-0.367121,0.994467,-0.269329,-0.327621,-0.013504,-0.913831,0.194523,-0.258234,-0.408041
sample_04,0.757539,1.172991,0.383895,-0.633604,0.018497,0.357397,-0.132383,1.250783,-0.594345,1.676875,-0.299126,-0.929724,1.081242,0.913251,1.391133,0.675516,0.630522,0.562486,2.510383,-0.285589,0.062445,0.045641,-1.987084,-0.935224,-0.818692,-0.034808,0.658303,2.057176,-0.897075,-0.019888,1.062601,-1.263423
sample_05,-2.109359,0.259099,1.496042,-1.229302,-0.189233,-2.508524,-0.493627,-0.578192,0.930389,-2.470047,-1.099596,-0.367871,-2.191105,-1.892,0.4569,-0.718163,0.548178,-1.024239,-1.770537,-0.43209,0.870746,-0.15126,1.366432,0.326018,0.016434,0.18138,-0.252752,-1.813177,-0.556537,0.116314,0.105315,-0.183748
sample_06,-0.213857,1.005098,0.113475,0.008731,0.311964,-0.93701,0.759451,-0.561034,0.84171,-0.833401,-0.616466,0.779936,1.018816,1.239753,1.263295,1.335932,0.772236,0.49242,-0.406188,0.885711,3.030318,-1.168885,-0.671774,0.468629,1.083505,1.739308,1.133382,1.39136,2.227522,1.952538,1.689637,0.77804
sample_07,-1.211887,-0.220199,-0.760933,-0.205135,0.12434,-0.604606,1.485468,-0.283052,-0.607381,-1.300807,1.168302,-0.503463,-2.382219,-0.755066,2.291851,0.546444,-2.104364,-0.075947,-0.809225,-1.044123,-2.235653,-0.968111,1.178082,0.305156,1.057073,-0.101309,-1.517515,-0.075585,-0.000463,-1.491869,-1.285733,-1.973944
sample_08,0.546845,-0.163482,-1.983041,0.394724,0.043099,1.362542,0.429123,-1.030423,-0.517505,-0.824448,-0.868859,0.842469,-0.857706,1.141236,1.408872,-0.718432,0.727442,1.052413,1.490173,1.449506,1.242608,1.498101,1.164201,-0.116932,0.599455,-0.094187,-0.477487,0.961567,1.202063,0.568271,1.342824,-2.262659
sample_09,-0.041298,-0.022542,0.442655,-0.044049,0.114643,-0.095667,1.068445,1.122245,0.932355,0.953393,0.083491,0.057556,1.824281,0.296955,0.235519,0.5562,-1.6411,-0.717826,-1.129598,-0.796028,1.547578,0.144499,-2.283575,-2.195095,0.368865,-0.534887,-0.562047,-0.92316,-0.99887,0.034929,-2.870947,-0.271391
sample_10,0.514065,0.443044,0.142809,-0.817795,1.27424,0.969855,0.409884,0.75228,1.03593,-1.080296,-0.414507,1.184408,-0.563826,-0.654482,-0.043848,-0.329211,0.900343,1.499775,-0.501776,2.383164,-1.566802,-0.230458,-0.153611,1.164109,0.595166,1.28986,0.250405,0.614999,0.602884,1.068795,-0.944508,1.06254
sample_11,-1.227699,-0.937881,-1.170599,0.597958,-0.859775,-0.477821,-0.434675,-1.984271,-0.799953,-0.3808,-0.890214,0.521436,-0.24994,-1.319479,-0.562404,1.290374,-1.019319,-0.478581,0.163529,0.573475,-1.240466,-1.223327,-0.073256,0.695775,-0.152999,-0.468302,-0.097366,-1.783329,-1.58915,-0.233682,-1.499559,-0.824457
sample_12,-0.613481,1.783498,0.786266,0.420974,-1.664987,0.285304,1.451742,1.621693,0.462548,-0.076869,0.855536,0.496375,-0.010888,-1.103426,-0.941136,-0.100601,0.803881,-0.079144,-1.558955,0.870564,-0.364017,2.134792,0.626945,1.390727,0.425803,-1.651904,1.009427,0.141171,-1.321312,-1.005639,0.246092,-0.445949
sample_13,0.501537,0.01002,-1.793974,-0.419046,0.022353,-0.477789,-0.036324,0.956483,-0.082038,0.631042,-1.395197,1.260021,-0.801454,-1.09348,-0.946453,1.614237,0.743501,-1.311564,0.458498,0.266469,-1.183512,1.332928,0.940196,-1.159394,1.070383,-0.427362,0.682125,-1.613926,-0.917738,0.424456,-1.081496,0.08176
sample_14,1.340173,1.003293,1.114632,0.331994,0.699778,-1.155391,-0.539757,1.60462,-0.000134,1.399133,-0.594715,-2.356536,-0.722005,-0.325982,0.894054,-0.786683,-1.349774,0.926668,0.772298,0.604947,1.079278,-0.652866,0.159898,0.876161,1.298845,0.101172,-1.11923,-0.756897,1.575514,-1.528196,0.195574,0.226173
sample_15,-1.695279,-0.896019,0.903441,-0.434721,0.215603,-0.20344,-1.142538,-1.837823,-0.955135,0.282792,0.691633,-0.894171,-0.763974,-2.00208,-0.178121,0.391418,0.749119,0.53836,-0.757207,1.146946,-1.88954,0.703099,-1.334044,-1.022001,0.265225,0.253084,-2.152222,-1.216927,-0.229982,-2.64069,0.661425,-0.269688
sample_16,-0.549842,-0.025708,1.177058,1.717104,1.115973,-0.898508,1.157024,0.427115,-0.806361,0.564436,1.725187,1.000919,1.355618,0.661875,-0.245868,-0.211714,1.159507,0.065447,0.051325,1.936318,1.064636,0.237296,-1.809377,1.845416,0.292012,1.9838,0.061371,-0.128683,3.614837,-0.171018,0.820482,-0.129981
sample_17,0.841726,-2.731194,0.085312,-0.210145,-0.782691,0.652993,-0.469748,-0.53495,-0.115904,1.068422,0.863882,0.455123,-1.276301,0.315109,-1.183896,-0.700003,0.230839,-0.057032,-0.551963,0.381496,-1.260809,-0.447232,-0.179869,1.173433,1.33901,0.437777,-1.217579,-0.233812,-1.387044,0.440361,0.260872,-1.380514
sample_18,-0.076047,0.830592,1.840809,0.908124,-0.088915,-0.75473,0.493474,-1.785006,1.558193,1.12086,0.655179,2.268468,0.517616,2.053037,0.716269,-0.427921,0.831152,0.73414,1.052431,-0.463131,0.519678,-1.41993,1.055743,0.125478,0.571581,0.031554,1.138004,0.869064,-1.290092,0.371651,0.565854,-0.18716
sample_19,-0.217415,-1.63695,-0.202513,-1.426274,-0.068828,-1.468289,-1.220045,-0.531499,-2.039413,-1.485867,0.462498,0.140442,-0.387572,-1.265777,0.670134,0.841279,-1.360256,-0.674956,-0.294374,0.774431,-0.417708,-1.180685,0.055153,0.137482,-0.098555,-0.186541,-0.272815,0.305287,0.09782,-0.176284,-0.506995,-2.056905
sample_20,0.125493,1.425581,1.138617,-1.262172,1.376395,0.930572,0.931298,0.471165,-0.05731,0.65536,-0.990601,-1.951693,0.490895,2.337087,0.583508,0.265702,-0.352303,-0.417456,-0.977663,-0.393714,0.63509,1.301705,-0.024433,-0.068289,0.478139,1.728408,-1.237915,-1.059034,-0.878625,0.879428,0.258659,-1.117456
sample_21,-0.924273,-0.954864,-1.809919,-0.776205,-0.723014,0.687668,-0.47958,1.02417,1.124478,1.234468,-0.696847,-0.689545,1.359558,-1.118237,0.11558,0.664242,-1.6125,-0.100224,-1.268622,-0.593473,-0.739016,-0.987198,-0.471527,-1.392159,-0.130977,1.302463,0.002126,-0.565474,-1.165564,0.463789,-1.524869,-1.281858
sample_22,0.216638,-0.433292,-0.366987,-0.193779,0.285179,0.631514,-0.319376,-0.147861,0.737197,2.64604,-1.039803,-0.027347,1.932136,-0.996698,-0.81786,0.370934,0.684021,1.201914,1.840235,1.207405,0.640519,1.645906,0.3875,-0.734349,2.510408,0.269775,-0.824623,1.094948,-1.423386,-0.80996,-0.074305,-0.116748
sample_23,-1.909383,-0.756651,-0.227024,-0.946584,-0.850089,0.975568,-0.823019,-0.906559,-0.844453,-0.858336,0.853509,-0.523852,0.823311,-1.502251,-0.8093,-0.48077,-1.821144,-0.216276,0.230991,-1.738819,-0.954634,-0.811671,-0.132243,-0.140655,0.397597,-1.814367,-0.414216,0.034045,1.328272,-1.399042,0.688102,-0.766862
sample_24,0.187098,0.799317,0.925794,0.89166,-0.066469,0.799401,0.350661,1.442929,0.081648,0.262341,0.263328,-0.962833,2.370841,-0.930289,0.17157,1.82929,0.806412,0.74171,-0.560453,-0.236967,-0.088786,1.692768,1.769339,0.990267,0.329914,2.282555,0.092262,0.120031,1.292873,1.277413,2.861681,-0.422205
sample_25,-1.007788,-0.025563,-0.895891,-1.247256,-0.366894,-0.806422,-0.314384,-1.458125,0.790018,-0.864609,1.18365,-0.976026,-0.834397,-1.590334,-2.12209,-1.562369,-0.165841,1.259227,-1.834822,-0.247579,-2.145161,0.029154,-0.200904,-0.611618,-2.942718,1.946804,-0.571749,0.833862,1.226743,0.269456,-2.111557,-1.243791
sample_26,0.669551,1.174412,0.262575,1.78639,0.419618,1.230619,-0.279861,0.1702,0.618178,-0.077515,-0.004666,0.803022,-0.07738,-1.200978,-0.951227,0.858543,-0.596957,-1.796631,-0.421375,0.486525,-0.538554,-0.565876,0.354455,0.726553,-1.880002,0.644947,-0.501634,1.041182,-0.30624,1.952898,0.270469,-0.682754
sample_27,0.006056,-0.566018,-1.125323,-1.16731,0.06855,0.116085,-0.180595,0.749192,-1.875413,0.342501,-2.056145,-0.521712,-2.456449,-0.06297,-0.670744,-0.511073,-3.106655,0.089185,-0.842864,-0.462956,-1.314987,-1.773438,-1.503362,-0.138404,0.364457,-0.521183,-0.021961,-0.748491,-0.806055,-0.762704,-1.25795,1.779968
sample_28,-0.193477,-0.473588,0.390353,1.115673,0.986352,-1.264326,0.961637,0.547311,1.196434,0.703434,0.590863,0.10366,0.611576,-2.059406,0.83651,0.627519,0.445756,-1.254856,0.084838,0.170928,-2.114213,1.33953,-0.249778,-1.206115,1.397524,0.455654,2.30631,-0.95503,-0.200104,1.384327,0.554044,0.95513
sample_29,1.589152,-1.316959,-1.616644,-1.495742,0.891962,-0.010715,-0.61882,1.621692,-0.066346,1.234035,-0.69494,0.058794,-0.280551,2.542623,0.539824,1.603232,0.192021,-2.016228,-0.453302,-3.629652,-0.478586,-0.863378,-0.260939,0.814757,-0.356222,0.395497,-0.487108,-0.844208,-0.475107,-0.733296,-0.718486,-1.733444
sample_30,-1.257348,0.179287,-0.228583,0.261774,-0.362716,0.503849,-0.832751,0.638343,-0.299167,-0.895578,3.545955,0.927502,-0.854914,1.233983,0.558252,1.703445,0.446483,1.11143,1.673038,-0.811659,-0.001664,1.405996,1.342977,-0.141328,-1.607538,1.305363,0.498383,0.874732,0.936326,1.42394,0.898091,0.65856
sample_31,-0.429795,-0.144314,0.615492,-0.293223,-0.810968,0.875064,0.200583,-0.507388,0.376464,0.31671,0.27044,-0.306071,-1.096058,0.456636,-0.221461,-0.894041,-0.543893,-0.063698,-0.350492,-0.065266,-1.088921,0.244259,-1.651292,3.725177,-0.640858,-0.428622,-2.088366,-1.61129,-0.868474,-1.375029,0.01359,-0.110015
sample_32,-0.996103,0.859577,-1.017596,3.189655,0.591678,0.346236,0.766,-1.710879,0.537754,-0.769988,-0.700416,0.158669,0.303676,1.331344,2.019154,-0.589159,0.614625,-0.741822,-1.887122,0.95402,0.299812,0.493822,0.240692,0.001811,-0.284913,-0.044805,-0.15249,1.437064,-0.462793,-0.255103,0.715415,0.441947
